newstitles,newscomname
검찰 "동양대 표창장 위조 30초면 된다"..법정서 직접 시연,연합뉴스
LA 상공에 다시 나타난 '아이언맨'..조종사들 증언 잇따라,연합뉴스
호주 남성, 공원서 점심 먹다가 까치에게 두 눈 쪼여,연합뉴스
'따상' 갔던 빅히트 미끄러지자..엔터株 '와르르',뉴스1
국민의힘 "서울·부산시장 '시민후보'로"..'미스터트롯' 경선 준비(종합),뉴스1
'거짓 미투' 피해 박진성 시인 극단 선택 암시하고 잠적,서울신문
시중에 풀린 돈 3100조 '사상 최대'..부동산·증시 거품 우려,뉴시스
[단독] "QR코드 보여달라" 홍대 포차 직원 급소 걷어찬 20대女,중앙일보
지적장애 딸 성폭행하고 "돌볼 사람없다"며 선처 호소한 아빠,뉴스1
경비행기 추락사고서 엄마 품에 안긴 한살 아기만 살았다(종합),연합뉴스
"기자가 출근방해"..사진 찍어 SNS 올린 추미애,연합뉴스
"걸그룹 시켜줄게" 미성년자 꼬드겨 음란행위 치과의사 징역 7년,뉴스1
"김양식장에 사용하려고" 무기산 3만리터 산속 보관한 50대,뉴스1
장윤정 "3년 전 이혼 후 중학생·고3 두 딸과 살고 있다"('같이 삽시다')[종합],OSEN
'골목식당' 최고 시청률 불러온 백종원 분노 "장사 너무 심하게 한다",뉴스엔
'故 구하라 협박·폭행' 최종범 징역 1년 확정..불법촬영은 결국 무죄,뉴스1
보건교사 '심상정'이 국회에서 무지개칼을 휘두른 이유,뉴스1
'코로나19 전쟁'서 승리했다더니..中서 돌아온 대만인 확진,헤럴드경제
개와 늑대의 잡종 '늑대개' 위험천만..미 2살배기 한쪽 팔 잃어,연합뉴스
진중권에 맞선 與 부대변인에 시선.."재담꾼 정치혐오 부추겨",연합뉴스
국가비 처벌받나.."격리중 지인초대는 의무 위반, 지자체 조사",연합뉴스
보이스피싱에 속아 3000만원 갖고 부산 온 60대, 경찰이 예방,뉴시스
정년퇴직 3년 앞두고 낡은 시골학교를 벽화로 채운 미술 선생님,연합뉴스
[D:방송 뷰] 싹쓰리에는 냉철했던 시선, 환불원정대는 다르다?,데일리안
"부르면 나간다"는 한동훈 증인채택 놓고 국감장 곳곳 설전,연합뉴스
"어느 시대냐" 日정부, 나카소네 전 총리 장례때 국립대 조기 계양, 묵념 요구 논란,중앙일보
"펭수·뿡뿡이·보니하니 죄다 뺏겼습니다"..EBS 자회사 '눈물',한국경제
1억 에르메스 vs 30만원 눈알가방..싸움의 끝은 화해,머니투데이
반년 만에 하늘길 뚫린 김해공항 국제선..첫날 승객들 "다행이에요",뉴스1
김승현 '불새2020'으로 연기자 복귀 "최선 다할 것"(공식),뉴스엔
11일간 먹지도 자지도 않고 날아간 흑꼬리도요 신기록 세웠다(종합),연합뉴스
서민 교수 "대깨문 압력에 지방강의 취소돼, 대깨문의 나라",한국일보
박정수 '카메라가 반갑지 않는 눈빛'[포토엔HD],뉴스엔
'빌런의 반격' 휴스턴, 탬파베이에 승리..최지만 1안타 [ALCS4],MK스포츠
추신수 떠난 텍사스, 김하성 영입 후보 "강정호보다 낫다",OSEN
[최강시사] 유승준 변호사 "관광 비자 포함 어떤 비자로도 입국 불가능해, 테러리스트 아닌 이상 과도한 제한",KBS
"열려있는 환자 뇌 사진 공개한 중앙의료원 의사 경징계 그쳐",연합뉴스
바이든 67.5% vs 트럼프 32.8%.. 올들어 당선 확률 최대 격차,문화일보
TBS 김어준의 뉴스공장 편향성 논란..서정협 "공정성 담보 신경쓸 것",뉴시스
사이클링히트 노리던 시거, 5회에 교체한 로버츠 감독 왜?,OSEN
방시혁 주식재산 3.7조..정몽구 명예회장 이어 6위,연합뉴스
미스코리아 장윤정 "3년 전 이혼 후 정신없이 살았다" ('같이 삽시다') [엑's 리뷰],엑스포츠뉴스
공중급유기로 미국 간 서욱에.. 홍준표 "장관 자가용이냐",한국일보
[단독] 박휘순♥17세 연하 예비신부, '아내의맛' 합류..결혼식 공개할까,스포츠동아
전미도 또 일 내나? '보라빛 향기' 리메이크 "윤상 프로듀싱 참여",뉴스엔
'장예원 동생' 장예인 아나, 결혼발표 "소규모 예식..예쁘게 살게요",뉴스1
소금으로 '생태계 파괴자' 칡덩굴 없앤다..고사율 70.2%,연합뉴스
의대생 재응시 문제로 권익위 찾아갔던 이윤성 국시원장 "주제 넘었다",뉴시스
美제재로 궁지 내몰린 화웨이, 결국 중저가 스마트폰 버린다,중앙일보
신규확진 110명..부산 요양병원 52명, 인천 주점 6명(종합2보),뉴스1
